{
  "ID": 0.8625780571523096,
  "OOD_infograph": 0.5256739409499358,
  "OOD_painting": 0.6766590389016018,
  "OOD_quickdraw": 0.15487922705314008,
  "OOD_real": 0.860684089162183,
  "OOD_clipart": 0.6567057136026775
}