{
  "ID": 0.8904098258963649,
  "OOD_infograph": 0.537227214377407,
  "OOD_painting": 0.6892448512585813,
  "OOD_quickdraw": 0.1570048309178744,
  "OOD_real": 0.8759607993850884,
  "OOD_clipart": 0.6660291656705714
}