{
  "ID": 0.9384640833712419,
  "OOD_infograph": 0.5102695763799743,
  "OOD_painting": 0.6757437070938215,
  "OOD_quickdraw": 0.14231884057971014,
  "OOD_real": 0.8973866256725596,
  "OOD_clipart": 0.6335166148697108
}