{
  "ID": 0.9364790538025722,
  "OOD_infograph": 0.5170089858793325,
  "OOD_painting": 0.683066361556064,
  "OOD_quickdraw": 0.14608695652173914,
  "OOD_real": 0.8957532667179093,
  "OOD_clipart": 0.6459478842935692
}