{
  "ID": 0.9110045076713121,
  "OOD_infograph": 0.537227214377407,
  "OOD_painting": 0.6890160183066362,
  "OOD_quickdraw": 0.15536231884057972,
  "OOD_real": 0.8865295926210607,
  "OOD_clipart": 0.6653119770499641
}