{
  "ID": 0.9264298416111824,
  "OOD_infograph": 0.5292041078305519,
  "OOD_painting": 0.6890160183066362,
  "OOD_quickdraw": 0.15188405797101448,
  "OOD_real": 0.8931591083781706,
  "OOD_clipart": 0.6588572794644991
}