{
  "ID": 0.8763491997849552,
  "OOD_infograph": 0.5304878048780488,
  "OOD_painting": 0.6832951945080091,
  "OOD_quickdraw": 0.15468599033816424,
  "OOD_real": 0.8684665641813989,
  "OOD_clipart": 0.6617260339469281
}