{
  "ID": 0.931764608576982,
  "OOD_infograph": 0.5266367137355584,
  "OOD_painting": 0.6846681922196797,
  "OOD_quickdraw": 0.14995169082125603,
  "OOD_real": 0.8952728670253651,
  "OOD_clipart": 0.6521635190054984
}