{
  "ID": 0.9188205615979488,
  "OOD_infograph": 0.5324133504492939,
  "OOD_painting": 0.688558352402746,
  "OOD_quickdraw": 0.1536231884057971,
  "OOD_real": 0.8903727901614144,
  "OOD_clipart": 0.6605307195792494
}