{
  "ID": 0.9015342624374509,
  "OOD_infograph": 0.5369062901155327,
  "OOD_painting": 0.688558352402746,
  "OOD_quickdraw": 0.15555555555555556,
  "OOD_real": 0.8819177555726364,
  "OOD_clipart": 0.6653119770499641
}