{
  "ID": 0.9069517389686117,
  "OOD_infograph": 0.5240693196405648,
  "OOD_painting": 0.6736842105263158,
  "OOD_quickdraw": 0.14483091787439614,
  "OOD_real": 0.887586471944658,
  "OOD_clipart": 0.6502510160172126
}