{
  "ID": 0.8476489806046069,
  "OOD_infograph": 0.5205391527599487,
  "OOD_painting": 0.6665903890160183,
  "OOD_quickdraw": 0.15169082125603864,
  "OOD_real": 0.8514604150653343,
  "OOD_clipart": 0.6552713363614631
}