{
  "ID": 0.897522848517431,
  "OOD_infograph": 0.5340179717586649,
  "OOD_painting": 0.6810068649885583,
  "OOD_quickdraw": 0.15661835748792272,
  "OOD_real": 0.8848962336664105,
  "OOD_clipart": 0.6619650968204638
}