{
  "ID": 0.8680782432488318,
  "OOD_infograph": 0.5295250320924262,
  "OOD_painting": 0.6787185354691075,
  "OOD_quickdraw": 0.15661835748792272,
  "OOD_real": 0.8663528055342045,
  "OOD_clipart": 0.6614869710733923
}