{
  "ID": 0.8907820189404905,
  "OOD_infograph": 0.5381899871630296,
  "OOD_painting": 0.6842105263157895,
  "OOD_quickdraw": 0.15806763285024156,
  "OOD_real": 0.8830707148347425,
  "OOD_clipart": 0.6669854171647143
}