{
  "ID": 0.901410198089409,
  "OOD_infograph": 0.5336970474967908,
  "OOD_painting": 0.6816933638443936,
  "OOD_quickdraw": 0.15342995169082124,
  "OOD_real": 0.8865295926210607,
  "OOD_clipart": 0.6583791537174277
}