{
  "ID": 0.904759935486539,
  "OOD_infograph": 0.5311296534017972,
  "OOD_painting": 0.6782608695652174,
  "OOD_quickdraw": 0.14908212560386475,
  "OOD_real": 0.8878747117601845,
  "OOD_clipart": 0.6543150848673202
}