{
  "ID": 0.8586907075803316,
  "OOD_infograph": 0.5279204107830552,
  "OOD_painting": 0.6707093821510297,
  "OOD_quickdraw": 0.15603864734299516,
  "OOD_real": 0.8587624903920061,
  "OOD_clipart": 0.6574229022232847
}