{
  "ID": 0.8766386832637194,
  "OOD_infograph": 0.5327342747111682,
  "OOD_painting": 0.682837528604119,
  "OOD_quickdraw": 0.15777777777777777,
  "OOD_real": 0.8726940814757879,
  "OOD_clipart": 0.6631604111881425
}