{
  "ID": 0.9078615441875852,
  "OOD_infograph": 0.5202182284980744,
  "OOD_painting": 0.6702517162471396,
  "OOD_quickdraw": 0.14173913043478262,
  "OOD_real": 0.887586471944658,
  "OOD_clipart": 0.63973224958164
}