{
  "ID": 0.8834622224060212,
  "OOD_infograph": 0.5362644415917843,
  "OOD_painting": 0.6860411899313501,
  "OOD_quickdraw": 0.15903381642512077,
  "OOD_real": 0.8787471176018448,
  "OOD_clipart": 0.6667463542911786
}